ลำดับ,ชื่อเพจ,ลิงก์โพส,ข้อความ,ประเภท,ไลก์,แชร์,คอมเมนต์,ยอดวิว,วันที่โพส
1,ลงทุนแมน,https://www.facebook.com/longtunman/posts/d07a0811,ทำไมหุ้นเทคโนโลยีชั้นนำถึงร่วงหนักในสัปดาห์นี้? วิเคราะห์เจาะลึกโมเดลธุรกิจของยักษ์ใหญ่ และการปรับตัวของดอกเบี้ยเฟดที่กระทบต่อนักลงทุนทั่วโลก 📈📉 #Business #Stocks #Investment,link,20632,2792,851,46847,2026-05-27T11:07:50.373813
2,Drama-addict,https://www.facebook.com/DramaAdd/posts/5cc4b1fc,ทำไมหุ้นเทคโนโลยีชั้นนำถึงร่วงหนักในสัปดาห์นี้? วิเคราะห์เจาะลึกโมเดลธุรกิจของยักษ์ใหญ่ และการปรับตัวของดอกเบี้ยเฟดที่กระทบต่อนักลงทุนทั่วโลก 📈📉 #Business #Stocks #Investment,link,14189,3985,1471,205339,2026-05-27T11:07:50.373834
3,Drama-addict,https://www.facebook.com/DramaAdd/posts/4ea2ee7b,ความลับของแอปดังที่คุณอาจไม่เคยรู้มาก่อน! ทำไมหน้าฟีดของแต่ละคนถึงไม่เหมือนกัน และ AI เรียนรู้พฤติกรรมเราอย่างไร #Algorithm #SocialMedia #Tech,link,9769,4422,2981,214777,2026-05-27T11:07:50.373844
4,Beartai แบไต๋,https://www.facebook.com/beartai/posts/5ce7b918,ความลับของแอปดังที่คุณอาจไม่เคยรู้มาก่อน! ทำไมหน้าฟีดของแต่ละคนถึงไม่เหมือนกัน และ AI เรียนรู้พฤติกรรมเราอย่างไร #Algorithm #SocialMedia #Tech,link,37181,5543,477,192098,2026-05-27T11:07:50.373850
5,Marketing Oops!,https://www.facebook.com/marketingoops/posts/4b045a74,เปิดสถิติยอดขายสมาร์ทโฟนทั่วโลก ไตรมาสล่าสุด แบรนด์ไหนขึ้นแท่นอันดับ 1 และตลาดพับได้เติบโตแค่ไหน 📱🔥 #Smartphone #MarketShare #Gadget,photo,20470,4727,1313,5561,2026-05-27T11:07:50.373858
6,TechCrunch Thailand,https://www.facebook.com/techcrunchth/posts/dbcbb75b,สรุป 5 แนวโน้มเทคโนโลยีที่จะมาแรงที่สุดในปี 2026 ใครไม่อยากตกยุคต้องรีบศึกษาด่วน! 🌐💡 #TechTrends2026 #Web3 #QuantumComputing,photo,38720,4752,4072,57963,2026-05-27T11:07:50.373865
7,Drama-addict,https://www.facebook.com/DramaAdd/posts/8c7401ab,เปิดสถิติยอดขายสมาร์ทโฟนทั่วโลก ไตรมาสล่าสุด แบรนด์ไหนขึ้นแท่นอันดับ 1 และตลาดพับได้เติบโตแค่ไหน 📱🔥 #Smartphone #MarketShare #Gadget,video,40797,4080,3901,103188,2026-05-27T11:07:50.373870
8,Marketing Oops!,https://www.facebook.com/marketingoops/posts/7eda4715,รีวิวแว่น AR รุ่นใหม่ล่าสุด! โคตรล้ำเหมือนหลุดมาจากโลกอนาคต น้ำหนักเบา สวมใส่สบาย 🕶️✨ #AR #Gadget #FutureTech,photo,31884,4004,3194,72837,2026-05-27T11:07:50.373875
9,TechCrunch Thailand,https://www.facebook.com/techcrunchth/posts/c1eebc28,ความลับของแอปดังที่คุณอาจไม่เคยรู้มาก่อน! ทำไมหน้าฟีดของแต่ละคนถึงไม่เหมือนกัน และ AI เรียนรู้พฤติกรรมเราอย่างไร #Algorithm #SocialMedia #Tech,text,7679,5673,1441,195345,2026-05-27T11:07:50.373881
10,Marketing Oops!,https://www.facebook.com/marketingoops/posts/00ba5afe,สอนใช้ AI วาดรูปฟรีใน 1 นาที! ง่ายมากจนงง ลองด่วนเพื่อเพิ่มศักยภาพการทำงานสร้างสรรค์ของคุณ 🎨🤖 #GenerativeAI #Midjourney #Design,photo,849,1339,3377,229293,2026-05-27T11:07:50.373886
11,Drama-addict,https://www.facebook.com/DramaAdd/posts/1ebc3ca3,เปิดสถิติยอดขายสมาร์ทโฟนทั่วโลก ไตรมาสล่าสุด แบรนด์ไหนขึ้นแท่นอันดับ 1 และตลาดพับได้เติบโตแค่ไหน 📱🔥 #Smartphone #MarketShare #Gadget,link,37786,7015,990,315479,2026-05-27T11:07:50.373891
12,TechCrunch Thailand,https://www.facebook.com/techcrunchth/posts/d52f89e8,ความลับของแอปดังที่คุณอาจไม่เคยรู้มาก่อน! ทำไมหน้าฟีดของแต่ละคนถึงไม่เหมือนกัน และ AI เรียนรู้พฤติกรรมเราอย่างไร #Algorithm #SocialMedia #Tech,link,24254,5089,902,10394,2026-05-27T11:07:50.373896
13,TechCrunch Thailand,https://www.facebook.com/techcrunchth/posts/14823351,สรุปประเด็นร้อน พรบ. คุ้มครองข้อมูลส่วนบุคคลฉบับปรับปรุงใหม่ที่แบรนด์และนักการตลาดต้องระวัง โทษปรับสูงสุดถึง 5 ล้านบาท! ⚖️🔒 #PDPA #DataPrivacy #Marketing,link,28327,4534,802,101100,2026-05-27T11:07:50.373901
14,Beartai แบไต๋,https://www.facebook.com/beartai/posts/274a1b0f,เปิดสถิติยอดขายสมาร์ทโฟนทั่วโลก ไตรมาสล่าสุด แบรนด์ไหนขึ้นแท่นอันดับ 1 และตลาดพับได้เติบโตแค่ไหน 📱🔥 #Smartphone #MarketShare #Gadget,video,25026,3843,1881,232606,2026-05-27T11:07:50.373906
15,ลงทุนแมน,https://www.facebook.com/longtunman/posts/ceef11d2,ความลับของแอปดังที่คุณอาจไม่เคยรู้มาก่อน! ทำไมหน้าฟีดของแต่ละคนถึงไม่เหมือนกัน และ AI เรียนรู้พฤติกรรมเราอย่างไร #Algorithm #SocialMedia #Tech,photo,2406,4724,1169,288068,2026-05-27T11:07:50.373911
16,Drama-addict,https://www.facebook.com/DramaAdd/posts/2a6cf012,เปิดตัวชิป AI รุ่นล่าสุดที่แรงกว่าเดิม 10 เท่า พร้อมประหยัดพลังงานขึ้น 40% คาดว่าจะถูกนำมาใช้ในเซิร์ฟเวอร์คลาวด์ภายในสิ้นปีนี้! 💻⚡ #Hardware #AIChips #Innovation,video,38989,6262,1619,202980,2026-05-27T11:07:50.373916
17,TechCrunch Thailand,https://www.facebook.com/techcrunchth/posts/8d862325,สรุป 5 แนวโน้มเทคโนโลยีที่จะมาแรงที่สุดในปี 2026 ใครไม่อยากตกยุคต้องรีบศึกษาด่วน! 🌐💡 #TechTrends2026 #Web3 #QuantumComputing,text,32663,4448,4126,321896,2026-05-27T11:07:50.373921
18,Beartai แบไต๋,https://www.facebook.com/beartai/posts/f4e18cc3,รีวิวแว่น AR รุ่นใหม่ล่าสุด! โคตรล้ำเหมือนหลุดมาจากโลกอนาคต น้ำหนักเบา สวมใส่สบาย 🕶️✨ #AR #Gadget #FutureTech,video,19612,6245,4186,32491,2026-05-27T11:07:50.373926
19,Beartai แบไต๋,https://www.facebook.com/beartai/posts/39484243,สรุป 5 แนวโน้มเทคโนโลยีที่จะมาแรงที่สุดในปี 2026 ใครไม่อยากตกยุคต้องรีบศึกษาด่วน! 🌐💡 #TechTrends2026 #Web3 #QuantumComputing,video,7841,6907,1433,210177,2026-05-27T11:07:50.373931
20,Drama-addict,https://www.facebook.com/DramaAdd/posts/79ae7334,เปิดสถิติยอดขายสมาร์ทโฟนทั่วโลก ไตรมาสล่าสุด แบรนด์ไหนขึ้นแท่นอันดับ 1 และตลาดพับได้เติบโตแค่ไหน 📱🔥 #Smartphone #MarketShare #Gadget,photo,34069,4633,1227,162502,2026-05-27T11:07:50.373936
21,TechCrunch Thailand,https://www.facebook.com/techcrunchth/posts/a59a09d7,เปิดตัวชิป AI รุ่นล่าสุดที่แรงกว่าเดิม 10 เท่า พร้อมประหยัดพลังงานขึ้น 40% คาดว่าจะถูกนำมาใช้ในเซิร์ฟเวอร์คลาวด์ภายในสิ้นปีนี้! 💻⚡ #Hardware #AIChips #Innovation,link,2031,5778,948,137536,2026-05-27T11:07:50.373941
22,Marketing Oops!,https://www.facebook.com/marketingoops/posts/a3959615,ความลับของแอปดังที่คุณอาจไม่เคยรู้มาก่อน! ทำไมหน้าฟีดของแต่ละคนถึงไม่เหมือนกัน และ AI เรียนรู้พฤติกรรมเราอย่างไร #Algorithm #SocialMedia #Tech,text,20340,4089,3581,280596,2026-05-27T11:07:50.373946
23,Beartai แบไต๋,https://www.facebook.com/beartai/posts/f652b4c3,เปิดสถิติยอดขายสมาร์ทโฟนทั่วโลก ไตรมาสล่าสุด แบรนด์ไหนขึ้นแท่นอันดับ 1 และตลาดพับได้เติบโตแค่ไหน 📱🔥 #Smartphone #MarketShare #Gadget,link,7715,6048,4220,168860,2026-05-27T11:07:50.373951
24,Marketing Oops!,https://www.facebook.com/marketingoops/posts/8edbcfcd,ความลับของแอปดังที่คุณอาจไม่เคยรู้มาก่อน! ทำไมหน้าฟีดของแต่ละคนถึงไม่เหมือนกัน และ AI เรียนรู้พฤติกรรมเราอย่างไร #Algorithm #SocialMedia #Tech,video,7149,1414,4070,117842,2026-05-27T11:07:50.373956
25,Marketing Oops!,https://www.facebook.com/marketingoops/posts/9b83289f,เปิดตัวชิป AI รุ่นล่าสุดที่แรงกว่าเดิม 10 เท่า พร้อมประหยัดพลังงานขึ้น 40% คาดว่าจะถูกนำมาใช้ในเซิร์ฟเวอร์คลาวด์ภายในสิ้นปีนี้! 💻⚡ #Hardware #AIChips #Innovation,text,37821,2234,493,157107,2026-05-27T11:07:50.373961
26,ลงทุนแมน,https://www.facebook.com/longtunman/posts/7574c819,ทำไมหุ้นเทคโนโลยีชั้นนำถึงร่วงหนักในสัปดาห์นี้? วิเคราะห์เจาะลึกโมเดลธุรกิจของยักษ์ใหญ่ และการปรับตัวของดอกเบี้ยเฟดที่กระทบต่อนักลงทุนทั่วโลก 📈📉 #Business #Stocks #Investment,text,26190,5048,2369,253734,2026-05-27T11:07:50.373966
27,ลงทุนแมน,https://www.facebook.com/longtunman/posts/bfeedc77,เปิดตัวชิป AI รุ่นล่าสุดที่แรงกว่าเดิม 10 เท่า พร้อมประหยัดพลังงานขึ้น 40% คาดว่าจะถูกนำมาใช้ในเซิร์ฟเวอร์คลาวด์ภายในสิ้นปีนี้! 💻⚡ #Hardware #AIChips #Innovation,text,14385,5961,2805,161370,2026-05-27T11:07:50.373971
28,Marketing Oops!,https://www.facebook.com/marketingoops/posts/02d1fb5d,ความลับของแอปดังที่คุณอาจไม่เคยรู้มาก่อน! ทำไมหน้าฟีดของแต่ละคนถึงไม่เหมือนกัน และ AI เรียนรู้พฤติกรรมเราอย่างไร #Algorithm #SocialMedia #Tech,text,6098,2792,2818,289152,2026-05-27T11:07:50.373976
29,Marketing Oops!,https://www.facebook.com/marketingoops/posts/f111d630,ความลับของแอปดังที่คุณอาจไม่เคยรู้มาก่อน! ทำไมหน้าฟีดของแต่ละคนถึงไม่เหมือนกัน และ AI เรียนรู้พฤติกรรมเราอย่างไร #Algorithm #SocialMedia #Tech,video,20072,3368,4346,16215,2026-05-27T11:07:50.373981
30,ลงทุนแมน,https://www.facebook.com/longtunman/posts/d39f1b54,เปิดสถิติยอดขายสมาร์ทโฟนทั่วโลก ไตรมาสล่าสุด แบรนด์ไหนขึ้นแท่นอันดับ 1 และตลาดพับได้เติบโตแค่ไหน 📱🔥 #Smartphone #MarketShare #Gadget,link,19553,6472,342,205530,2026-05-27T11:07:50.373986
31,Beartai แบไต๋,https://www.facebook.com/beartai/posts/ffce42f2,ความลับของแอปดังที่คุณอาจไม่เคยรู้มาก่อน! ทำไมหน้าฟีดของแต่ละคนถึงไม่เหมือนกัน และ AI เรียนรู้พฤติกรรมเราอย่างไร #Algorithm #SocialMedia #Tech,link,44306,3493,4363,186478,2026-05-27T11:07:50.373991
32,TechCrunch Thailand,https://www.facebook.com/techcrunchth/posts/26be7d30,สรุปประเด็นร้อน พรบ. คุ้มครองข้อมูลส่วนบุคคลฉบับปรับปรุงใหม่ที่แบรนด์และนักการตลาดต้องระวัง โทษปรับสูงสุดถึง 5 ล้านบาท! ⚖️🔒 #PDPA #DataPrivacy #Marketing,video,23432,7923,3211,13508,2026-05-27T11:07:50.373997
33,Drama-addict,https://www.facebook.com/DramaAdd/posts/1b546a2b,สอนใช้ AI วาดรูปฟรีใน 1 นาที! ง่ายมากจนงง ลองด่วนเพื่อเพิ่มศักยภาพการทำงานสร้างสรรค์ของคุณ 🎨🤖 #GenerativeAI #Midjourney #Design,photo,22337,5016,1587,94764,2026-05-27T11:07:50.374001
34,Marketing Oops!,https://www.facebook.com/marketingoops/posts/4c08fed4,ความลับของแอปดังที่คุณอาจไม่เคยรู้มาก่อน! ทำไมหน้าฟีดของแต่ละคนถึงไม่เหมือนกัน และ AI เรียนรู้พฤติกรรมเราอย่างไร #Algorithm #SocialMedia #Tech,photo,32927,5086,2894,145383,2026-05-27T11:07:50.374009
35,Beartai แบไต๋,https://www.facebook.com/beartai/posts/19b1694d,รีวิวแว่น AR รุ่นใหม่ล่าสุด! โคตรล้ำเหมือนหลุดมาจากโลกอนาคต น้ำหนักเบา สวมใส่สบาย 🕶️✨ #AR #Gadget #FutureTech,photo,23408,3060,1352,2382,2026-05-27T11:07:50.374014
36,ลงทุนแมน,https://www.facebook.com/longtunman/posts/1861fb31,สอนใช้ AI วาดรูปฟรีใน 1 นาที! ง่ายมากจนงง ลองด่วนเพื่อเพิ่มศักยภาพการทำงานสร้างสรรค์ของคุณ 🎨🤖 #GenerativeAI #Midjourney #Design,video,35952,3549,214,58143,2026-05-27T11:07:50.374019
37,ลงทุนแมน,https://www.facebook.com/longtunman/posts/683f32da,สรุปฟีเจอร์เด่น GPT-4o ที่จะเปลี่ยนวิถีการทำงานของมนุษยชาติไปตลอดกาล! ไม่ว่าจะเป็นการตอบโต้ด้วยเสียงแบบเรียลไทม์ และการวิเคราะห์ภาพที่แม่นยำขึ้น 🤖🚀 #AI #ChatGPT #TechUpdate,text,33166,7209,820,239881,2026-05-27T11:07:50.374024
38,Marketing Oops!,https://www.facebook.com/marketingoops/posts/5d524b30,ความลับของแอปดังที่คุณอาจไม่เคยรู้มาก่อน! ทำไมหน้าฟีดของแต่ละคนถึงไม่เหมือนกัน และ AI เรียนรู้พฤติกรรมเราอย่างไร #Algorithm #SocialMedia #Tech,video,6303,5701,4423,320344,2026-05-27T11:07:50.374029
39,Beartai แบไต๋,https://www.facebook.com/beartai/posts/38905a2b,สรุปประเด็นร้อน พรบ. คุ้มครองข้อมูลส่วนบุคคลฉบับปรับปรุงใหม่ที่แบรนด์และนักการตลาดต้องระวัง โทษปรับสูงสุดถึง 5 ล้านบาท! ⚖️🔒 #PDPA #DataPrivacy #Marketing,video,31086,156,1121,210504,2026-05-27T11:07:50.374034
40,TechCrunch Thailand,https://www.facebook.com/techcrunchth/posts/66af4c0a,สอนใช้ AI วาดรูปฟรีใน 1 นาที! ง่ายมากจนงง ลองด่วนเพื่อเพิ่มศักยภาพการทำงานสร้างสรรค์ของคุณ 🎨🤖 #GenerativeAI #Midjourney #Design,video,40673,4420,181,109138,2026-05-27T11:07:50.374038
41,Beartai แบไต๋,https://www.facebook.com/beartai/posts/f5005cbe,ทำไมหุ้นเทคโนโลยีชั้นนำถึงร่วงหนักในสัปดาห์นี้? วิเคราะห์เจาะลึกโมเดลธุรกิจของยักษ์ใหญ่ และการปรับตัวของดอกเบี้ยเฟดที่กระทบต่อนักลงทุนทั่วโลก 📈📉 #Business #Stocks #Investment,link,23176,2002,654,191004,2026-05-27T11:07:50.374043
42,Drama-addict,https://www.facebook.com/DramaAdd/posts/d5c6c100,ทำไมหุ้นเทคโนโลยีชั้นนำถึงร่วงหนักในสัปดาห์นี้? วิเคราะห์เจาะลึกโมเดลธุรกิจของยักษ์ใหญ่ และการปรับตัวของดอกเบี้ยเฟดที่กระทบต่อนักลงทุนทั่วโลก 📈📉 #Business #Stocks #Investment,photo,43818,156,2627,136890,2026-05-27T11:07:50.374049
43,Drama-addict,https://www.facebook.com/DramaAdd/posts/777ee260,สอนใช้ AI วาดรูปฟรีใน 1 นาที! ง่ายมากจนงง ลองด่วนเพื่อเพิ่มศักยภาพการทำงานสร้างสรรค์ของคุณ 🎨🤖 #GenerativeAI #Midjourney #Design,link,42076,2024,920,98602,2026-05-27T11:07:50.374053
44,Drama-addict,https://www.facebook.com/DramaAdd/posts/7bef415f,สรุป 5 แนวโน้มเทคโนโลยีที่จะมาแรงที่สุดในปี 2026 ใครไม่อยากตกยุคต้องรีบศึกษาด่วน! 🌐💡 #TechTrends2026 #Web3 #QuantumComputing,text,38447,4131,1246,160514,2026-05-27T11:07:50.374058
45,ลงทุนแมน,https://www.facebook.com/longtunman/posts/06f2f3cb,พาทัวร์ออฟฟิศยุคใหม่ที่เต็มไปด้วยหุ่นยนต์บริการและระบบอัตโนมัติ! เจ๋งและสะดวกสุดๆ 🤖🏢 #FutureOfWork #Robotics #SmartOffice,link,11495,5996,3754,77559,2026-05-27T11:07:50.374063
46,Drama-addict,https://www.facebook.com/DramaAdd/posts/d148099b,สรุป 5 แนวโน้มเทคโนโลยีที่จะมาแรงที่สุดในปี 2026 ใครไม่อยากตกยุคต้องรีบศึกษาด่วน! 🌐💡 #TechTrends2026 #Web3 #QuantumComputing,photo,15643,5266,2962,238891,2026-05-27T11:07:50.374068
47,Marketing Oops!,https://www.facebook.com/marketingoops/posts/60e7b074,รีวิวแว่น AR รุ่นใหม่ล่าสุด! โคตรล้ำเหมือนหลุดมาจากโลกอนาคต น้ำหนักเบา สวมใส่สบาย 🕶️✨ #AR #Gadget #FutureTech,video,35868,1140,1995,202139,2026-05-27T11:07:50.374072
48,Marketing Oops!,https://www.facebook.com/marketingoops/posts/c951e1a9,เปิดสถิติยอดขายสมาร์ทโฟนทั่วโลก ไตรมาสล่าสุด แบรนด์ไหนขึ้นแท่นอันดับ 1 และตลาดพับได้เติบโตแค่ไหน 📱🔥 #Smartphone #MarketShare #Gadget,video,34191,7704,1614,47367,2026-05-27T11:07:50.374079
49,Beartai แบไต๋,https://www.facebook.com/beartai/posts/b676ca9b,สรุป 5 แนวโน้มเทคโนโลยีที่จะมาแรงที่สุดในปี 2026 ใครไม่อยากตกยุคต้องรีบศึกษาด่วน! 🌐💡 #TechTrends2026 #Web3 #QuantumComputing,link,30680,5261,2231,85137,2026-05-27T11:07:50.374084
50,TechCrunch Thailand,https://www.facebook.com/techcrunchth/posts/7ebf623f,สอนใช้ AI วาดรูปฟรีใน 1 นาที! ง่ายมากจนงง ลองด่วนเพื่อเพิ่มศักยภาพการทำงานสร้างสรรค์ของคุณ 🎨🤖 #GenerativeAI #Midjourney #Design,text,29997,484,3616,197654,2026-05-27T11:07:50.374089
51,@lda_world,https://www.tiktok.com/@lda_world/video/dfbbc82f,เปิดตัวชิป AI รุ่นล่าสุดที่แรงกว่าเดิม 10 เท่า พร้อมประหยัดพลังงานขึ้น 40% คาดว่าจะถูกนำมาใช้ในเซิร์ฟเวอร์คลาวด์ภายในสิ้นปีนี้! 💻⚡ #Hardware #AIChips #Innovation,video,42689,0,1392,9446,2026-05-27T11:07:50.374122
52,@lda_world,https://www.tiktok.com/@lda_world/video/f453d3a9,ความลับของแอปดังที่คุณอาจไม่เคยรู้มาก่อน! ทำไมหน้าฟีดของแต่ละคนถึงไม่เหมือนกัน และ AI เรียนรู้พฤติกรรมเราอย่างไร #Algorithm #SocialMedia #Tech,video,19379,0,4490,131885,2026-05-27T11:07:50.374128
53,@ceemeagain,https://www.tiktok.com/@ceemeagain/video/cdde5a06,รีวิวแว่น AR รุ่นใหม่ล่าสุด! โคตรล้ำเหมือนหลุดมาจากโลกอนาคต น้ำหนักเบา สวมใส่สบาย 🕶️✨ #AR #Gadget #FutureTech,video,7389,0,1983,69331,2026-05-27T11:07:50.374133
54,@boomtharis,https://www.tiktok.com/@boomtharis/video/5bd068b9,สรุป 5 แนวโน้มเทคโนโลยีที่จะมาแรงที่สุดในปี 2026 ใครไม่อยากตกยุคต้องรีบศึกษาด่วน! 🌐💡 #TechTrends2026 #Web3 #QuantumComputing,video,40146,0,1276,265839,2026-05-27T11:07:50.374137
55,@beartaihitech,https://www.tiktok.com/@beartaihitech/video/f0d8d54c,ความลับของแอปดังที่คุณอาจไม่เคยรู้มาก่อน! ทำไมหน้าฟีดของแต่ละคนถึงไม่เหมือนกัน และ AI เรียนรู้พฤติกรรมเราอย่างไร #Algorithm #SocialMedia #Tech,video,38268,0,2674,215761,2026-05-27T11:07:50.374142
56,@ceemeagain,https://www.tiktok.com/@ceemeagain/video/c7be6bc0,สอนใช้ AI วาดรูปฟรีใน 1 นาที! ง่ายมากจนงง ลองด่วนเพื่อเพิ่มศักยภาพการทำงานสร้างสรรค์ของคุณ 🎨🤖 #GenerativeAI #Midjourney #Design,video,28927,0,4166,282138,2026-05-27T11:07:50.374147
57,@spin9.me,https://www.tiktok.com/@spin9.me/video/404d1cd9,เปิดสถิติยอดขายสมาร์ทโฟนทั่วโลก ไตรมาสล่าสุด แบรนด์ไหนขึ้นแท่นอันดับ 1 และตลาดพับได้เติบโตแค่ไหน 📱🔥 #Smartphone #MarketShare #Gadget,video,27198,0,2791,137842,2026-05-27T11:07:50.374152
58,@spin9.me,https://www.tiktok.com/@spin9.me/video/60c9a4ac,สรุปฟีเจอร์เด่น GPT-4o ที่จะเปลี่ยนวิถีการทำงานของมนุษยชาติไปตลอดกาล! ไม่ว่าจะเป็นการตอบโต้ด้วยเสียงแบบเรียลไทม์ และการวิเคราะห์ภาพที่แม่นยำขึ้น 🤖🚀 #AI #ChatGPT #TechUpdate,video,34474,0,3840,153353,2026-05-27T11:07:50.374156
59,@spin9.me,https://www.tiktok.com/@spin9.me/video/db393546,พาทัวร์ออฟฟิศยุคใหม่ที่เต็มไปด้วยหุ่นยนต์บริการและระบบอัตโนมัติ! เจ๋งและสะดวกสุดๆ 🤖🏢 #FutureOfWork #Robotics #SmartOffice,video,40196,0,868,154964,2026-05-27T11:07:50.374161
60,@boomtharis,https://www.tiktok.com/@boomtharis/video/b6070079,สรุป 5 แนวโน้มเทคโนโลยีที่จะมาแรงที่สุดในปี 2026 ใครไม่อยากตกยุคต้องรีบศึกษาด่วน! 🌐💡 #TechTrends2026 #Web3 #QuantumComputing,video,22017,0,3024,280789,2026-05-27T11:07:50.374165
61,@spin9.me,https://www.tiktok.com/@spin9.me/video/67a3a559,รีวิวแว่น AR รุ่นใหม่ล่าสุด! โคตรล้ำเหมือนหลุดมาจากโลกอนาคต น้ำหนักเบา สวมใส่สบาย 🕶️✨ #AR #Gadget #FutureTech,video,33590,0,3710,118838,2026-05-27T11:07:50.374170
62,@beartaihitech,https://www.tiktok.com/@beartaihitech/video/cf3d1fcf,สรุปฟีเจอร์เด่น GPT-4o ที่จะเปลี่ยนวิถีการทำงานของมนุษยชาติไปตลอดกาล! ไม่ว่าจะเป็นการตอบโต้ด้วยเสียงแบบเรียลไทม์ และการวิเคราะห์ภาพที่แม่นยำขึ้น 🤖🚀 #AI #ChatGPT #TechUpdate,video,43330,0,3259,53877,2026-05-27T11:07:50.374174
63,@lda_world,https://www.tiktok.com/@lda_world/video/cce208af,เปิดสถิติยอดขายสมาร์ทโฟนทั่วโลก ไตรมาสล่าสุด แบรนด์ไหนขึ้นแท่นอันดับ 1 และตลาดพับได้เติบโตแค่ไหน 📱🔥 #Smartphone #MarketShare #Gadget,video,1293,0,3546,66222,2026-05-27T11:07:50.374179
64,@spin9.me,https://www.tiktok.com/@spin9.me/video/4d605341,รีวิวแว่น AR รุ่นใหม่ล่าสุด! โคตรล้ำเหมือนหลุดมาจากโลกอนาคต น้ำหนักเบา สวมใส่สบาย 🕶️✨ #AR #Gadget #FutureTech,video,44733,0,1972,27781,2026-05-27T11:07:50.374183
65,@spin9.me,https://www.tiktok.com/@spin9.me/video/9f27d20b,เปิดสถิติยอดขายสมาร์ทโฟนทั่วโลก ไตรมาสล่าสุด แบรนด์ไหนขึ้นแท่นอันดับ 1 และตลาดพับได้เติบโตแค่ไหน 📱🔥 #Smartphone #MarketShare #Gadget,video,27710,0,3237,104428,2026-05-27T11:07:50.374187
66,@spin9.me,https://www.tiktok.com/@spin9.me/video/23ac5ca2,สรุป 5 แนวโน้มเทคโนโลยีที่จะมาแรงที่สุดในปี 2026 ใครไม่อยากตกยุคต้องรีบศึกษาด่วน! 🌐💡 #TechTrends2026 #Web3 #QuantumComputing,video,25111,0,1927,25023,2026-05-27T11:07:50.374192
67,@spin9.me,https://www.tiktok.com/@spin9.me/video/837d2c14,ทำไมหุ้นเทคโนโลยีชั้นนำถึงร่วงหนักในสัปดาห์นี้? วิเคราะห์เจาะลึกโมเดลธุรกิจของยักษ์ใหญ่ และการปรับตัวของดอกเบี้ยเฟดที่กระทบต่อนักลงทุนทั่วโลก 📈📉 #Business #Stocks #Investment,video,36628,0,1087,261570,2026-05-27T11:07:50.374196
68,@boomtharis,https://www.tiktok.com/@boomtharis/video/89754ad3,ทำไมหุ้นเทคโนโลยีชั้นนำถึงร่วงหนักในสัปดาห์นี้? วิเคราะห์เจาะลึกโมเดลธุรกิจของยักษ์ใหญ่ และการปรับตัวของดอกเบี้ยเฟดที่กระทบต่อนักลงทุนทั่วโลก 📈📉 #Business #Stocks #Investment,video,40427,0,2406,69510,2026-05-27T11:07:50.374200
69,@boomtharis,https://www.tiktok.com/@boomtharis/video/69046e87,ความลับของแอปดังที่คุณอาจไม่เคยรู้มาก่อน! ทำไมหน้าฟีดของแต่ละคนถึงไม่เหมือนกัน และ AI เรียนรู้พฤติกรรมเราอย่างไร #Algorithm #SocialMedia #Tech,video,30737,0,3506,172113,2026-05-27T11:07:50.374204
70,@ceemeagain,https://www.tiktok.com/@ceemeagain/video/a27fe054,เปิดตัวชิป AI รุ่นล่าสุดที่แรงกว่าเดิม 10 เท่า พร้อมประหยัดพลังงานขึ้น 40% คาดว่าจะถูกนำมาใช้ในเซิร์ฟเวอร์คลาวด์ภายในสิ้นปีนี้! 💻⚡ #Hardware #AIChips #Innovation,video,29430,0,3356,72184,2026-05-27T11:07:50.374208
71,@beartaihitech,https://www.tiktok.com/@beartaihitech/video/cc0cff56,สรุปประเด็นร้อน พรบ. คุ้มครองข้อมูลส่วนบุคคลฉบับปรับปรุงใหม่ที่แบรนด์และนักการตลาดต้องระวัง โทษปรับสูงสุดถึง 5 ล้านบาท! ⚖️🔒 #PDPA #DataPrivacy #Marketing,video,8888,0,3640,144550,2026-05-27T11:07:50.374213
72,@spin9.me,https://www.tiktok.com/@spin9.me/video/292b0b34,สอนใช้ AI วาดรูปฟรีใน 1 นาที! ง่ายมากจนงง ลองด่วนเพื่อเพิ่มศักยภาพการทำงานสร้างสรรค์ของคุณ 🎨🤖 #GenerativeAI #Midjourney #Design,video,5027,0,2611,241055,2026-05-27T11:07:50.374217
73,@ceemeagain,https://www.tiktok.com/@ceemeagain/video/87d14632,สรุป 5 แนวโน้มเทคโนโลยีที่จะมาแรงที่สุดในปี 2026 ใครไม่อยากตกยุคต้องรีบศึกษาด่วน! 🌐💡 #TechTrends2026 #Web3 #QuantumComputing,video,15440,0,2539,206201,2026-05-27T11:07:50.374221
74,@ceemeagain,https://www.tiktok.com/@ceemeagain/video/5eeac88b,เปิดตัวชิป AI รุ่นล่าสุดที่แรงกว่าเดิม 10 เท่า พร้อมประหยัดพลังงานขึ้น 40% คาดว่าจะถูกนำมาใช้ในเซิร์ฟเวอร์คลาวด์ภายในสิ้นปีนี้! 💻⚡ #Hardware #AIChips #Innovation,video,28680,0,3595,91815,2026-05-27T11:07:50.374225
75,@ceemeagain,https://www.tiktok.com/@ceemeagain/video/2eff4529,พาทัวร์ออฟฟิศยุคใหม่ที่เต็มไปด้วยหุ่นยนต์บริการและระบบอัตโนมัติ! เจ๋งและสะดวกสุดๆ 🤖🏢 #FutureOfWork #Robotics #SmartOffice,video,27626,0,2796,99198,2026-05-27T11:07:50.374230
76,@beartaihitech,https://www.tiktok.com/@beartaihitech/video/2d2023cb,สอนใช้ AI วาดรูปฟรีใน 1 นาที! ง่ายมากจนงง ลองด่วนเพื่อเพิ่มศักยภาพการทำงานสร้างสรรค์ของคุณ 🎨🤖 #GenerativeAI #Midjourney #Design,video,23016,0,1944,99693,2026-05-27T11:07:50.374234
77,@boomtharis,https://www.tiktok.com/@boomtharis/video/e1ac9657,สรุปประเด็นร้อน พรบ. คุ้มครองข้อมูลส่วนบุคคลฉบับปรับปรุงใหม่ที่แบรนด์และนักการตลาดต้องระวัง โทษปรับสูงสุดถึง 5 ล้านบาท! ⚖️🔒 #PDPA #DataPrivacy #Marketing,video,18682,0,1459,300367,2026-05-27T11:07:50.374238
78,@lda_world,https://www.tiktok.com/@lda_world/video/ad52e832,รีวิวแว่น AR รุ่นใหม่ล่าสุด! โคตรล้ำเหมือนหลุดมาจากโลกอนาคต น้ำหนักเบา สวมใส่สบาย 🕶️✨ #AR #Gadget #FutureTech,video,41144,0,1230,67409,2026-05-27T11:07:50.374242
79,@beartaihitech,https://www.tiktok.com/@beartaihitech/video/662d1d2c,สรุปฟีเจอร์เด่น GPT-4o ที่จะเปลี่ยนวิถีการทำงานของมนุษยชาติไปตลอดกาล! ไม่ว่าจะเป็นการตอบโต้ด้วยเสียงแบบเรียลไทม์ และการวิเคราะห์ภาพที่แม่นยำขึ้น 🤖🚀 #AI #ChatGPT #TechUpdate,video,6835,0,2314,145347,2026-05-27T11:07:50.374247
80,@boomtharis,https://www.tiktok.com/@boomtharis/video/e16a4c77,สอนใช้ AI วาดรูปฟรีใน 1 นาที! ง่ายมากจนงง ลองด่วนเพื่อเพิ่มศักยภาพการทำงานสร้างสรรค์ของคุณ 🎨🤖 #GenerativeAI #Midjourney #Design,video,26632,0,3055,117640,2026-05-27T11:07:50.374251
81,@beartaihitech,https://www.tiktok.com/@beartaihitech/video/68edf516,รีวิวแว่น AR รุ่นใหม่ล่าสุด! โคตรล้ำเหมือนหลุดมาจากโลกอนาคต น้ำหนักเบา สวมใส่สบาย 🕶️✨ #AR #Gadget #FutureTech,video,40146,0,849,17895,2026-05-27T11:07:50.374257
82,@ceemeagain,https://www.tiktok.com/@ceemeagain/video/4f196b72,ความลับของแอปดังที่คุณอาจไม่เคยรู้มาก่อน! ทำไมหน้าฟีดของแต่ละคนถึงไม่เหมือนกัน และ AI เรียนรู้พฤติกรรมเราอย่างไร #Algorithm #SocialMedia #Tech,video,42887,0,4118,191407,2026-05-27T11:07:50.374262
83,@boomtharis,https://www.tiktok.com/@boomtharis/video/4e088cc3,พาทัวร์ออฟฟิศยุคใหม่ที่เต็มไปด้วยหุ่นยนต์บริการและระบบอัตโนมัติ! เจ๋งและสะดวกสุดๆ 🤖🏢 #FutureOfWork #Robotics #SmartOffice,video,5966,0,1375,107134,2026-05-27T11:07:50.374266
84,@beartaihitech,https://www.tiktok.com/@beartaihitech/video/1b71a221,สรุปฟีเจอร์เด่น GPT-4o ที่จะเปลี่ยนวิถีการทำงานของมนุษยชาติไปตลอดกาล! ไม่ว่าจะเป็นการตอบโต้ด้วยเสียงแบบเรียลไทม์ และการวิเคราะห์ภาพที่แม่นยำขึ้น 🤖🚀 #AI #ChatGPT #TechUpdate,video,30741,0,201,111260,2026-05-27T11:07:50.374272
85,@lda_world,https://www.tiktok.com/@lda_world/video/8f127b4c,ทำไมหุ้นเทคโนโลยีชั้นนำถึงร่วงหนักในสัปดาห์นี้? วิเคราะห์เจาะลึกโมเดลธุรกิจของยักษ์ใหญ่ และการปรับตัวของดอกเบี้ยเฟดที่กระทบต่อนักลงทุนทั่วโลก 📈📉 #Business #Stocks #Investment,video,9207,0,554,228795,2026-05-27T11:07:50.374277
86,@lda_world,https://www.tiktok.com/@lda_world/video/122fd7e3,สอนใช้ AI วาดรูปฟรีใน 1 นาที! ง่ายมากจนงง ลองด่วนเพื่อเพิ่มศักยภาพการทำงานสร้างสรรค์ของคุณ 🎨🤖 #GenerativeAI #Midjourney #Design,video,37393,0,1366,318131,2026-05-27T11:07:50.374281
87,@boomtharis,https://www.tiktok.com/@boomtharis/video/2ea37a1e,ทำไมหุ้นเทคโนโลยีชั้นนำถึงร่วงหนักในสัปดาห์นี้? วิเคราะห์เจาะลึกโมเดลธุรกิจของยักษ์ใหญ่ และการปรับตัวของดอกเบี้ยเฟดที่กระทบต่อนักลงทุนทั่วโลก 📈📉 #Business #Stocks #Investment,video,34498,0,3256,89780,2026-05-27T11:07:50.374286
88,@beartaihitech,https://www.tiktok.com/@beartaihitech/video/98aa9737,สรุปฟีเจอร์เด่น GPT-4o ที่จะเปลี่ยนวิถีการทำงานของมนุษยชาติไปตลอดกาล! ไม่ว่าจะเป็นการตอบโต้ด้วยเสียงแบบเรียลไทม์ และการวิเคราะห์ภาพที่แม่นยำขึ้น 🤖🚀 #AI #ChatGPT #TechUpdate,video,15680,0,4244,302560,2026-05-27T11:07:50.374291
89,@beartaihitech,https://www.tiktok.com/@beartaihitech/video/e8bab91c,เปิดตัวชิป AI รุ่นล่าสุดที่แรงกว่าเดิม 10 เท่า พร้อมประหยัดพลังงานขึ้น 40% คาดว่าจะถูกนำมาใช้ในเซิร์ฟเวอร์คลาวด์ภายในสิ้นปีนี้! 💻⚡ #Hardware #AIChips #Innovation,video,35648,0,1681,214761,2026-05-27T11:07:50.374295
90,@beartaihitech,https://www.tiktok.com/@beartaihitech/video/cd19b630,สรุปประเด็นร้อน พรบ. คุ้มครองข้อมูลส่วนบุคคลฉบับปรับปรุงใหม่ที่แบรนด์และนักการตลาดต้องระวัง โทษปรับสูงสุดถึง 5 ล้านบาท! ⚖️🔒 #PDPA #DataPrivacy #Marketing,video,13873,0,3381,172520,2026-05-27T11:07:50.374300
91,@spin9.me,https://www.tiktok.com/@spin9.me/video/e7b3e2b5,พาทัวร์ออฟฟิศยุคใหม่ที่เต็มไปด้วยหุ่นยนต์บริการและระบบอัตโนมัติ! เจ๋งและสะดวกสุดๆ 🤖🏢 #FutureOfWork #Robotics #SmartOffice,video,20328,0,2935,269287,2026-05-27T11:07:50.374304
92,@lda_world,https://www.tiktok.com/@lda_world/video/40504764,เปิดตัวชิป AI รุ่นล่าสุดที่แรงกว่าเดิม 10 เท่า พร้อมประหยัดพลังงานขึ้น 40% คาดว่าจะถูกนำมาใช้ในเซิร์ฟเวอร์คลาวด์ภายในสิ้นปีนี้! 💻⚡ #Hardware #AIChips #Innovation,video,23924,0,3896,251218,2026-05-27T11:07:50.374308
93,@ceemeagain,https://www.tiktok.com/@ceemeagain/video/80209e19,สอนใช้ AI วาดรูปฟรีใน 1 นาที! ง่ายมากจนงง ลองด่วนเพื่อเพิ่มศักยภาพการทำงานสร้างสรรค์ของคุณ 🎨🤖 #GenerativeAI #Midjourney #Design,video,38913,0,1484,229864,2026-05-27T11:07:50.374312
94,@beartaihitech,https://www.tiktok.com/@beartaihitech/video/6e84ae0b,ทำไมหุ้นเทคโนโลยีชั้นนำถึงร่วงหนักในสัปดาห์นี้? วิเคราะห์เจาะลึกโมเดลธุรกิจของยักษ์ใหญ่ และการปรับตัวของดอกเบี้ยเฟดที่กระทบต่อนักลงทุนทั่วโลก 📈📉 #Business #Stocks #Investment,video,42973,0,2830,26687,2026-05-27T11:07:50.374317
95,@ceemeagain,https://www.tiktok.com/@ceemeagain/video/3985d2ec,เปิดตัวชิป AI รุ่นล่าสุดที่แรงกว่าเดิม 10 เท่า พร้อมประหยัดพลังงานขึ้น 40% คาดว่าจะถูกนำมาใช้ในเซิร์ฟเวอร์คลาวด์ภายในสิ้นปีนี้! 💻⚡ #Hardware #AIChips #Innovation,video,4645,0,528,333480,2026-05-27T11:07:50.374321
96,@lda_world,https://www.tiktok.com/@lda_world/video/10565011,ความลับของแอปดังที่คุณอาจไม่เคยรู้มาก่อน! ทำไมหน้าฟีดของแต่ละคนถึงไม่เหมือนกัน และ AI เรียนรู้พฤติกรรมเราอย่างไร #Algorithm #SocialMedia #Tech,video,14588,0,2203,157682,2026-05-27T11:07:50.374325
97,@beartaihitech,https://www.tiktok.com/@beartaihitech/video/0e69573e,พาทัวร์ออฟฟิศยุคใหม่ที่เต็มไปด้วยหุ่นยนต์บริการและระบบอัตโนมัติ! เจ๋งและสะดวกสุดๆ 🤖🏢 #FutureOfWork #Robotics #SmartOffice,video,36374,0,965,98737,2026-05-27T11:07:50.374330
98,@lda_world,https://www.tiktok.com/@lda_world/video/d08d937a,พาทัวร์ออฟฟิศยุคใหม่ที่เต็มไปด้วยหุ่นยนต์บริการและระบบอัตโนมัติ! เจ๋งและสะดวกสุดๆ 🤖🏢 #FutureOfWork #Robotics #SmartOffice,video,9976,0,2122,52725,2026-05-27T11:07:50.374334
99,@boomtharis,https://www.tiktok.com/@boomtharis/video/9fa28c8e,เปิดสถิติยอดขายสมาร์ทโฟนทั่วโลก ไตรมาสล่าสุด แบรนด์ไหนขึ้นแท่นอันดับ 1 และตลาดพับได้เติบโตแค่ไหน 📱🔥 #Smartphone #MarketShare #Gadget,video,29174,0,470,108422,2026-05-27T11:07:50.374339
100,@ceemeagain,https://www.tiktok.com/@ceemeagain/video/cb941461,เปิดตัวชิป AI รุ่นล่าสุดที่แรงกว่าเดิม 10 เท่า พร้อมประหยัดพลังงานขึ้น 40% คาดว่าจะถูกนำมาใช้ในเซิร์ฟเวอร์คลาวด์ภายในสิ้นปีนี้! 💻⚡ #Hardware #AIChips #Innovation,video,42123,0,1309,223725,2026-05-27T11:07:50.374343
